Source,n,Meand15N,SDd15N,Meand13C,SDd13C
Leaf,5,-0.5982,0.186227548982421,-28.045,0.10918562176404
Baetis,5,-1.0064,0.446368457666982,-32.253,1.0883597750744
